transaction_id,customer_id,transaction_date,ingested_at,amount,currency,transaction_type
1,65,2024-06-18,2024-06-30 00:00:00,575.2,BRL,refund
2,4,2026-04-25,2026-05-05 00:00:00,471.58,BRL,debit
3,73,2025-08-14,2025-09-13 00:00:00,327.31,EUR,debit
4,20,2024-07-28,2024-08-12 00:00:00,80.77,BRL,credit
5,37,2026-03-24,2026-03-25 00:00:00,398.61,MXN,debit
6,27,2025-07-06,2025-07-23 00:00:00,54.39,MXN,debit
7,7,2025-12-12,2025-12-31 00:00:00,141.88,EUR,debit
8,55,2025-04-23,2025-05-17 00:00:00,290.9,USD,debit
9,94,2025-12-16,2026-01-01 00:00:00,173.13,MXN,debit
10,80,2025-10-01,2025-10-05 00:00:00,12.87,USD,debit
11,52,2024-10-18,2024-10-24 00:00:00,842.82,MXN,debit
12,30,2026-05-06,2026-05-19 00:00:00,190.44,USD,credit
13,57,2026-03-20,2026-04-10 00:00:00,625.28,USD,credit
14,59,2025-05-20,2025-06-03 00:00:00,793.23,USD,credit
15,19,2025-01-24,2025-02-17 00:00:00,520.17,USD,debit
16,32,2026-03-31,2026-04-11 00:00:00,151.66,BRL,debit
17,8,2026-03-09,2026-04-07 00:00:00,800.62,MXN,debit
18,95,2024-10-10,2024-11-05 00:00:00,474.93,USD,credit
19,22,2025-09-30,2025-10-22 00:00:00,29.54,USD,debit
20,6,2026-01-18,2026-01-20 00:00:00,461.46,USD,refund
21,95,2026-05-12,2026-05-17 00:00:00,81.78,BRL,debit
22,85,2026-01-13,2026-01-14 00:00:00,252.31,USD,credit
23,93,2025-03-31,2025-04-21 00:00:00,779.27,USD,refund
24,60,2026-02-13,2026-03-05 00:00:00,707.78,USD,credit
25,42,2025-09-04,2025-09-29 00:00:00,354.76,EUR,refund
26,24,2025-08-31,2025-09-20 00:00:00,47.29,USD,refund
27,30,2024-11-25,2024-11-29 00:00:00,742.18,USD,credit
28,81,2025-12-28,2026-01-26 00:00:00,291.86,ARS,debit
29,24,2025-12-20,2026-01-14 00:00:00,272.58,USD,refund
30,89,2025-06-11,2025-06-28 00:00:00,330.56,ARS,debit
31,92,2025-09-10,2025-10-03 00:00:00,778.06,BRL,debit
32,32,2025-01-16,2025-01-30 00:00:00,215.49,MXN,refund
33,99,2026-03-11,2026-03-15 00:00:00,676.29,USD,debit
34,12,2026-04-10,2026-05-10 00:00:00,105.75,USD,refund
35,6,2025-09-29,2025-10-16 00:00:00,593.87,BRL,credit
36,96,2024-09-07,2024-09-21 00:00:00,47.25,USD,debit
37,63,2025-08-03,2025-08-23 00:00:00,591.08,ARS,debit
38,77,2025-12-25,2026-01-13 00:00:00,302.88,EUR,refund
39,33,2024-06-16,2024-06-26 00:00:00,304.94,EUR,debit
40,64,2026-02-13,2026-03-13 00:00:00,150.9,MXN,credit
41,50,2025-09-10,2025-09-24 00:00:00,216.06,EUR,debit
42,21,2026-05-07,2026-05-11 00:00:00,309.81,USD,debit
43,15,2025-05-09,2025-05-19 00:00:00,153.84,BRL,debit
44,76,2024-08-05,2024-09-03 00:00:00,328.21,MXN,debit
45,95,2026-05-27,2026-06-02 00:00:00,590.04,ARS,debit
46,38,2025-07-31,2025-07-31 00:00:00,260.23,ARS,debit
47,65,2024-12-13,2024-12-31 00:00:00,426.74,EUR,debit
48,2,2025-08-24,2025-08-29 00:00:00,397.61,ARS,debit
49,48,2024-09-07,2024-09-23 00:00:00,582.23,ARS,debit
50,10,2024-09-09,2024-09-15 00:00:00,652.34,USD,credit
51,64,2025-09-07,2025-09-19 00:00:00,532.21,MXN,credit
52,82,2024-07-24,2024-08-16 00:00:00,181.78,EUR,debit
53,54,2025-10-02,2025-10-31 00:00:00,231.47,USD,credit
54,61,2025-07-06,2025-08-04 00:00:00,676.6,MXN,debit
55,73,2025-12-22,2026-01-19 00:00:00,19.82,USD,credit
56,45,2024-11-19,2024-12-08 00:00:00,75.74,ARS,debit
57,4,2024-07-28,2024-08-26 00:00:00,316.71,BRL,debit
58,20,2024-09-29,2024-10-09 00:00:00,246.53,USD,credit
59,28,2026-04-15,2026-04-25 00:00:00,133.13,USD,refund
60,52,2025-10-02,2025-10-23 00:00:00,373.33,USD,debit
61,83,2025-04-05,2025-04-28 00:00:00,150.64,EUR,debit
62,86,2025-11-25,2025-11-27 00:00:00,41.12,USD,debit
63,85,2025-09-05,2025-09-25 00:00:00,531.86,USD,refund
64,44,2026-02-18,2026-02-21 00:00:00,169.38,BRL,debit
65,84,2024-11-23,2024-11-24 00:00:00,647.44,USD,debit
66,74,2024-11-27,2024-12-19 00:00:00,724.66,MXN,debit
67,9,2024-08-09,2024-08-13 00:00:00,75.73,ARS,debit
68,23,2026-03-11,2026-03-27 00:00:00,319.44,USD,debit
69,92,2025-05-12,2025-05-25 00:00:00,459.89,ARS,refund
70,54,2024-11-26,2024-12-05 00:00:00,427.08,USD,debit
71,14,2024-10-09,2024-10-17 00:00:00,97.73,USD,refund
72,69,2026-03-30,2026-04-23 00:00:00,334.1,USD,debit
73,87,2026-05-28,2026-06-02 00:00:00,40.98,USD,refund
74,65,2025-01-04,2025-01-19 00:00:00,378.7,EUR,debit
75,41,2024-12-11,2025-01-10 00:00:00,281.56,BRL,credit
76,82,2025-04-12,2025-04-24 00:00:00,243.09,ARS,debit
77,100,2026-01-27,2026-01-31 00:00:00,508.45,BRL,debit
78,38,2024-07-23,2024-07-27 00:00:00,157.35,EUR,credit
79,19,2025-11-26,2025-11-26 00:00:00,68.46,MXN,debit
80,89,2026-03-24,2026-04-12 00:00:00,43.42,MXN,debit
81,69,2025-10-18,2025-10-27 00:00:00,677.48,USD,credit
82,66,2024-10-24,2024-11-20 00:00:00,657.75,BRL,debit
83,12,2025-01-31,2025-02-04 00:00:00,733.98,USD,credit
84,76,2024-09-11,2024-09-19 00:00:00,506.98,EUR,refund
85,89,2024-12-05,2024-12-21 00:00:00,86.57,MXN,debit
86,15,2024-11-12,2024-12-10 00:00:00,21.82,MXN,credit
87,55,2025-04-04,2025-04-27 00:00:00,22.69,BRL,debit
88,91,2026-05-26,2026-06-24 00:00:00,57.72,USD,debit
89,96,2025-12-14,2025-12-31 00:00:00,460.66,MXN,credit
90,25,2026-02-19,2026-02-20 00:00:00,8.25,BRL,debit
91,23,2025-08-25,2025-09-22 00:00:00,211.41,EUR,debit
92,71,2024-06-01,2024-06-18 00:00:00,6.61,USD,debit
93,54,2024-09-05,2024-09-23 00:00:00,149.42,ARS,refund
94,8,2026-03-28,2026-04-19 00:00:00,386.18,EUR,credit
95,21,2025-02-14,2025-03-13 00:00:00,644.06,MXN,debit
96,23,2024-11-05,2024-12-03 00:00:00,844.04,MXN,refund
97,79,2025-04-29,2025-05-05 00:00:00,573.83,MXN,credit
98,53,2026-03-04,2026-03-07 00:00:00,432.28,BRL,refund
99,97,2025-04-11,2025-04-14 00:00:00,154.59,USD,debit
100,56,2024-11-09,2024-11-12 00:00:00,262.47,ARS,debit
101,10,2025-11-15,2025-12-10 00:00:00,136.02,EUR,debit
102,26,2025-10-09,2025-10-12 00:00:00,610.78,MXN,refund
103,66,2025-10-11,2025-10-25 00:00:00,300.18,MXN,refund
104,94,2026-03-25,2026-04-16 00:00:00,451.46,USD,debit
105,52,2025-01-20,2025-02-09 00:00:00,421.59,USD,debit
106,55,2024-08-22,2024-09-09 00:00:00,616.23,ARS,debit
107,1,2024-08-16,2024-09-01 00:00:00,764.53,EUR,debit
108,84,2025-08-29,2025-09-17 00:00:00,214.02,USD,debit
109,60,2024-09-14,2024-09-17 00:00:00,380.68,USD,credit
110,65,2024-06-16,2024-06-29 00:00:00,98.52,EUR,refund
111,69,2024-08-08,2024-08-17 00:00:00,213.67,BRL,debit
112,85,2025-01-04,2025-01-04 00:00:00,155.57,BRL,debit
113,90,2025-04-23,2025-05-23 00:00:00,323.46,BRL,credit
114,69,2025-04-30,2025-05-27 00:00:00,650.34,EUR,debit
115,74,2026-02-21,2026-02-27 00:00:00,121.92,USD,debit
116,79,2024-12-25,2025-01-04 00:00:00,506.23,MXN,debit
117,29,2024-09-19,2024-10-09 00:00:00,235.54,USD,debit
118,98,2025-02-27,2025-03-17 00:00:00,628.76,MXN,refund
119,3,2025-02-27,2025-03-03 00:00:00,231.56,USD,refund
120,53,2025-03-21,2025-03-23 00:00:00,503.77,USD,credit
121,74,2024-09-02,2024-09-19 00:00:00,339.92,USD,debit
122,71,2024-09-26,2024-10-17 00:00:00,391.41,BRL,credit
123,33,2024-11-02,2024-11-29 00:00:00,302.39,EUR,refund
124,37,2025-04-08,2025-04-14 00:00:00,238.05,EUR,refund
125,65,2025-07-23,2025-07-30 00:00:00,100.1,USD,debit
126,59,2024-12-13,2024-12-19 00:00:00,802.45,USD,credit
127,94,2024-10-10,2024-10-13 00:00:00,458.29,EUR,credit
128,38,2024-10-07,2024-10-16 00:00:00,455.98,USD,debit
129,2,2024-09-16,2024-10-02 00:00:00,145.83,BRL,credit
130,2,2025-06-28,2025-07-24 00:00:00,820.3,USD,debit
131,21,2025-04-15,2025-04-16 00:00:00,122.91,USD,credit
132,52,2025-08-05,2025-08-05 00:00:00,472.18,USD,refund
133,23,2025-08-24,2025-09-04 00:00:00,456.77,USD,refund
134,14,2025-10-14,2025-11-01 00:00:00,5.46,EUR,refund
135,25,2024-07-16,2024-07-31 00:00:00,684.8,USD,debit
136,86,2024-11-21,2024-12-10 00:00:00,470.65,EUR,credit
137,34,2026-02-09,2026-03-08 00:00:00,472.57,USD,debit
138,2,2025-12-27,2026-01-21 00:00:00,787.01,USD,debit
139,2,2026-04-10,2026-05-01 00:00:00,5.53,USD,debit
140,93,2025-04-24,2025-04-27 00:00:00,647.01,USD,refund
141,100,2024-09-25,2024-09-25 00:00:00,305.73,MXN,debit
142,50,2025-08-02,2025-08-26 00:00:00,87.04,USD,refund
143,25,2025-03-06,2025-04-02 00:00:00,832.04,BRL,debit
144,56,2025-02-23,2025-03-19 00:00:00,486.21,EUR,credit
145,93,2026-05-09,2026-05-24 00:00:00,557.32,EUR,debit
146,54,2024-08-08,2024-08-11 00:00:00,684.08,USD,debit
147,55,2025-05-12,2025-05-13 00:00:00,755.83,USD,debit
148,35,2025-07-30,2025-08-03 00:00:00,261.05,USD,refund
149,77,2026-04-14,2026-05-05 00:00:00,337.42,USD,debit
150,55,2024-11-02,2024-11-28 00:00:00,767.52,USD,debit
151,22,2025-07-24,2025-07-28 00:00:00,799.3,USD,debit
152,15,2025-07-01,2025-07-20 00:00:00,774.09,EUR,credit
153,62,2026-01-08,2026-02-01 00:00:00,271.54,USD,debit
154,24,2025-11-24,2025-12-04 00:00:00,110.53,USD,debit
155,28,2024-08-16,2024-08-30 00:00:00,552.15,USD,debit
156,34,2025-01-03,2025-01-12 00:00:00,264.67,USD,refund
157,37,2024-06-26,2024-07-15 00:00:00,668.72,USD,debit
158,77,2025-03-07,2025-04-03 00:00:00,280.69,USD,debit
159,69,2025-10-10,2025-11-05 00:00:00,269.1,USD,debit
160,18,2025-08-07,2025-08-13 00:00:00,286.4,USD,debit
161,22,2024-06-09,2024-06-10 00:00:00,705.42,EUR,debit
162,95,2025-09-15,2025-09-20 00:00:00,338.26,BRL,debit
163,9,2025-01-30,2025-02-19 00:00:00,205.12,ARS,debit
164,82,2025-02-08,2025-03-04 00:00:00,422.98,USD,debit
165,69,2024-08-09,2024-08-28 00:00:00,466.01,MXN,debit
166,72,2025-07-04,2025-07-21 00:00:00,606.95,USD,debit
167,22,2025-11-24,2025-11-29 00:00:00,498.87,USD,debit
168,18,2024-05-29,2024-06-10 00:00:00,731.04,USD,debit
169,65,2025-06-27,2025-06-29 00:00:00,418.42,EUR,credit
170,9,2026-04-02,2026-04-18 00:00:00,288.91,USD,debit
171,47,2025-07-17,2025-07-31 00:00:00,511.4,USD,credit
172,40,2025-08-26,2025-09-06 00:00:00,403.52,ARS,debit
173,46,2026-01-04,2026-01-20 00:00:00,256.44,ARS,debit
174,15,2025-02-10,2025-02-19 00:00:00,105.62,EUR,refund
175,59,2025-11-05,2025-12-03 00:00:00,224.66,ARS,refund
176,27,2026-04-21,2026-05-07 00:00:00,286.7,USD,refund
177,4,2025-10-13,2025-10-19 00:00:00,169.97,EUR,credit
178,11,2026-03-19,2026-04-14 00:00:00,586.68,MXN,refund
179,77,2025-11-23,2025-12-09 00:00:00,365.92,USD,credit
180,65,2024-11-27,2024-12-26 00:00:00,756.73,ARS,refund
181,9,2025-06-01,2025-06-18 00:00:00,676.27,USD,credit
182,26,2026-05-19,2026-06-01 00:00:00,246.03,EUR,debit
183,41,2024-06-27,2024-06-30 00:00:00,57.89,MXN,credit
184,89,2025-07-19,2025-08-09 00:00:00,350.26,ARS,debit
185,42,2025-10-09,2025-11-03 00:00:00,412.82,ARS,refund
186,7,2026-02-14,2026-02-17 00:00:00,437.54,ARS,debit
187,55,2024-06-25,2024-07-03 00:00:00,409.22,USD,credit
188,64,2026-02-28,2026-03-23 00:00:00,626.26,USD,credit
189,21,2024-09-29,2024-10-28 00:00:00,688.67,EUR,debit
190,40,2025-10-11,2025-10-15 00:00:00,182.37,USD,refund
191,78,2024-10-16,2024-11-05 00:00:00,222.12,USD,credit
192,34,2025-06-13,2025-07-01 00:00:00,49.5,EUR,refund
193,4,2024-06-21,2024-07-08 00:00:00,36.21,USD,refund
194,71,2025-06-14,2025-06-14 00:00:00,410.34,EUR,refund
195,30,2024-06-27,2024-06-30 00:00:00,604.0,MXN,debit
196,70,2024-09-27,2024-10-06 00:00:00,351.11,EUR,debit
197,22,2024-07-31,2024-08-23 00:00:00,254.11,USD,refund
198,100,2024-12-15,2025-01-14 00:00:00,256.42,ARS,refund
199,93,2025-02-14,2025-02-19 00:00:00,497.5,USD,refund
200,48,2025-01-11,2025-01-29 00:00:00,282.66,BRL,debit
201,97,2024-12-12,2025-01-04 00:00:00,111.82,EUR,debit
202,76,2026-04-06,2026-04-20 00:00:00,156.38,USD,refund
203,60,2024-11-23,2024-12-20 00:00:00,519.78,BRL,debit
204,18,2025-07-26,2025-08-15 00:00:00,451.85,MXN,refund
205,58,2026-03-06,2026-03-30 00:00:00,395.49,USD,refund
206,68,2025-07-26,2025-08-24 00:00:00,778.94,USD,debit
207,13,2025-08-29,2025-09-11 00:00:00,676.61,MXN,credit
208,98,2025-12-16,2026-01-01 00:00:00,447.0,USD,debit
209,11,2025-11-23,2025-11-23 00:00:00,618.57,BRL,debit
210,68,2024-12-30,2025-01-26 00:00:00,293.75,USD,refund
211,15,2026-03-06,2026-03-21 00:00:00,493.51,EUR,refund
212,11,2025-08-20,2025-09-07 00:00:00,803.74,USD,debit
213,3,2024-09-03,2024-10-03 00:00:00,559.9,ARS,refund
214,81,2025-12-09,2025-12-23 00:00:00,709.22,USD,refund
215,7,2025-05-14,2025-06-10 00:00:00,271.7,EUR,credit
216,55,2024-10-06,2024-10-31 00:00:00,180.53,ARS,debit
217,12,2024-08-23,2024-09-15 00:00:00,705.55,USD,refund
218,69,2026-05-07,2026-06-06 00:00:00,642.59,USD,debit
219,99,2024-07-13,2024-08-03 00:00:00,274.06,MXN,credit
220,3,2026-01-24,2026-02-18 00:00:00,107.97,MXN,refund
221,11,2026-05-18,2026-06-04 00:00:00,215.08,ARS,debit
222,74,2025-01-28,2025-02-24 00:00:00,264.73,BRL,debit
223,45,2026-01-24,2026-01-25 00:00:00,210.63,USD,refund
224,8,2024-06-21,2024-07-08 00:00:00,453.8,ARS,debit
225,65,2026-01-23,2026-01-24 00:00:00,41.1,USD,debit
226,39,2025-10-23,2025-11-04 00:00:00,608.87,MXN,debit
227,44,2024-06-14,2024-06-29 00:00:00,676.84,EUR,debit
228,49,2025-04-12,2025-04-14 00:00:00,123.18,USD,debit
229,89,2025-06-05,2025-06-17 00:00:00,435.66,EUR,refund
230,32,2025-10-26,2025-11-14 00:00:00,303.48,ARS,debit
231,91,2026-05-21,2026-05-31 00:00:00,534.5,EUR,credit
232,12,2025-05-18,2025-06-01 00:00:00,539.77,USD,debit
233,12,2024-07-31,2024-08-26 00:00:00,287.49,USD,credit
234,31,2024-10-07,2024-10-18 00:00:00,416.81,MXN,debit
235,15,2026-02-14,2026-02-26 00:00:00,325.96,MXN,refund
236,6,2024-07-22,2024-08-20 00:00:00,118.25,EUR,debit
237,61,2025-01-16,2025-02-12 00:00:00,158.55,USD,debit
238,70,2024-09-27,2024-10-17 00:00:00,361.44,ARS,credit
239,53,2026-05-24,2026-06-02 00:00:00,294.93,MXN,debit
240,67,2026-03-05,2026-03-13 00:00:00,324.17,USD,debit
241,91,2024-06-28,2024-07-26 00:00:00,353.32,USD,debit
242,80,2024-06-14,2024-07-04 00:00:00,395.24,USD,debit
243,43,2024-11-26,2024-12-25 00:00:00,742.0,BRL,debit
244,53,2025-08-30,2025-09-29 00:00:00,41.21,USD,debit
245,5,2025-11-16,2025-11-16 00:00:00,570.54,EUR,debit
246,63,2025-10-21,2025-11-05 00:00:00,11.99,MXN,credit
247,27,2025-03-22,2025-04-07 00:00:00,118.5,ARS,debit
248,34,2024-08-18,2024-09-01 00:00:00,223.99,USD,debit
249,68,2024-10-13,2024-11-07 00:00:00,199.28,USD,debit
250,3,2024-10-16,2024-10-17 00:00:00,352.94,ARS,credit
251,64,2025-04-12,2025-05-09 00:00:00,224.81,ARS,refund
252,81,2024-06-19,2024-06-24 00:00:00,782.29,EUR,debit
253,65,2024-11-25,2024-12-25 00:00:00,650.18,USD,refund
254,66,2025-02-17,2025-02-27 00:00:00,651.65,ARS,debit
255,15,2024-06-04,2024-06-28 00:00:00,205.37,ARS,debit
256,69,2025-02-18,2025-02-21 00:00:00,119.74,USD,credit
257,35,2025-11-08,2025-12-03 00:00:00,22.98,USD,refund
258,72,2026-01-26,2026-02-07 00:00:00,671.57,ARS,debit
259,100,2026-04-23,2026-05-11 00:00:00,176.62,MXN,refund
260,98,2024-12-09,2024-12-24 00:00:00,766.47,EUR,debit
261,71,2025-02-01,2025-02-12 00:00:00,379.49,BRL,refund
262,29,2025-10-01,2025-10-25 00:00:00,186.21,USD,credit
263,58,2026-05-14,2026-05-21 00:00:00,705.84,USD,debit
264,78,2026-05-16,2026-06-15 00:00:00,531.17,USD,debit
265,25,2024-12-20,2025-01-02 00:00:00,702.89,ARS,debit
266,24,2024-11-16,2024-11-27 00:00:00,112.92,MXN,debit
267,22,2026-04-18,2026-05-08 00:00:00,785.64,USD,debit
268,30,2026-03-02,2026-03-22 00:00:00,521.48,BRL,debit
269,58,2025-02-10,2025-03-06 00:00:00,118.19,USD,debit
270,9,2026-05-08,2026-05-23 00:00:00,52.82,BRL,refund
271,91,2025-08-23,2025-08-28 00:00:00,89.25,MXN,debit
272,48,2025-09-25,2025-09-27 00:00:00,714.96,BRL,debit
273,80,2025-01-19,2025-01-22 00:00:00,608.83,USD,debit
274,19,2025-08-18,2025-08-18 00:00:00,464.67,USD,refund
275,94,2024-11-03,2024-11-15 00:00:00,406.1,BRL,debit
276,74,2025-04-07,2025-04-18 00:00:00,177.96,MXN,debit
277,64,2025-07-27,2025-08-05 00:00:00,675.47,MXN,debit
278,34,2024-06-17,2024-06-22 00:00:00,550.6,MXN,credit
279,13,2026-02-07,2026-02-08 00:00:00,455.87,EUR,debit
280,25,2025-07-20,2025-07-23 00:00:00,328.27,USD,credit
281,28,2026-04-07,2026-04-24 00:00:00,406.28,MXN,credit
282,58,2024-06-16,2024-07-15 00:00:00,556.61,USD,debit
283,100,2026-04-23,2026-05-17 00:00:00,31.87,USD,debit
284,51,2025-03-30,2025-04-17 00:00:00,614.62,USD,debit
285,26,2025-04-04,2025-04-04 00:00:00,814.88,EUR,debit
286,44,2025-02-06,2025-02-06 00:00:00,407.05,USD,debit
287,13,2025-01-07,2025-02-06 00:00:00,210.67,USD,refund
288,2,2026-05-02,2026-05-21 00:00:00,679.76,MXN,credit
289,12,2025-11-15,2025-12-05 00:00:00,640.98,USD,credit
290,22,2025-12-15,2026-01-01 00:00:00,84.03,MXN,credit
291,73,2026-04-16,2026-05-14 00:00:00,633.04,USD,debit
292,84,2025-04-24,2025-04-27 00:00:00,423.79,MXN,debit
293,33,2025-07-09,2025-08-02 00:00:00,740.27,BRL,debit
294,96,2025-04-06,2025-04-09 00:00:00,674.53,USD,refund
295,22,2024-11-14,2024-11-29 00:00:00,687.54,USD,debit
296,59,2025-09-08,2025-09-09 00:00:00,263.9,USD,debit
297,29,2025-07-24,2025-08-22 00:00:00,252.7,ARS,debit
298,24,2025-05-24,2025-06-05 00:00:00,126.87,BRL,debit
299,19,2025-06-12,2025-06-20 00:00:00,158.02,EUR,debit
300,19,2024-07-17,2024-07-25 00:00:00,622.21,EUR,debit
301,95,2025-02-26,2025-03-26 00:00:00,679.17,USD,debit
302,49,2024-09-04,2024-09-09 00:00:00,24.1,BRL,credit
303,83,2024-08-26,2024-09-02 00:00:00,303.39,USD,debit
304,61,2025-04-05,2025-04-24 00:00:00,71.67,USD,debit
305,93,2024-11-04,2024-11-08 00:00:00,25.37,BRL,debit
306,45,2024-06-19,2024-06-30 00:00:00,308.43,EUR,debit
307,49,2026-04-21,2026-05-09 00:00:00,116.04,USD,debit
308,41,2024-11-25,2024-11-27 00:00:00,496.32,ARS,debit
309,56,2024-11-21,2024-12-13 00:00:00,749.31,ARS,debit
310,94,2024-09-14,2024-09-22 00:00:00,682.97,USD,credit
311,72,2025-03-16,2025-04-06 00:00:00,673.53,EUR,credit
312,17,2025-10-21,2025-11-19 00:00:00,396.75,USD,debit
313,65,2024-12-06,2024-12-14 00:00:00,232.5,USD,debit
314,66,2025-10-04,2025-10-21 00:00:00,375.38,BRL,debit
315,73,2026-02-05,2026-02-14 00:00:00,488.24,USD,refund
316,73,2026-01-15,2026-01-16 00:00:00,77.46,USD,debit
317,52,2024-10-21,2024-11-06 00:00:00,627.75,ARS,debit
318,51,2024-09-13,2024-09-17 00:00:00,817.85,BRL,debit
319,42,2025-10-05,2025-10-21 00:00:00,240.42,USD,credit
320,35,2025-02-23,2025-03-11 00:00:00,803.14,USD,debit
321,16,2025-10-11,2025-10-24 00:00:00,490.1,EUR,debit
322,36,2025-03-12,2025-04-08 00:00:00,163.43,BRL,debit
323,22,2026-03-22,2026-04-14 00:00:00,848.2,MXN,credit
324,88,2025-12-28,2026-01-25 00:00:00,736.96,USD,debit
325,1,2025-10-27,2025-10-28 00:00:00,648.35,USD,debit
326,3,2024-11-13,2024-12-08 00:00:00,443.55,MXN,debit
327,96,2025-04-11,2025-04-14 00:00:00,388.15,EUR,refund
328,1,2026-05-25,2026-06-18 00:00:00,441.15,EUR,refund
329,12,2026-01-24,2026-02-18 00:00:00,218.04,USD,debit
330,3,2024-10-12,2024-10-14 00:00:00,811.93,ARS,credit
331,73,2024-08-24,2024-08-28 00:00:00,133.67,MXN,credit
332,26,2025-02-15,2025-03-08 00:00:00,632.13,EUR,refund
333,99,2024-10-14,2024-11-05 00:00:00,619.11,BRL,refund
334,6,2025-04-26,2025-05-19 00:00:00,12.53,ARS,debit
335,39,2024-11-18,2024-12-18 00:00:00,840.7,USD,refund
336,55,2025-01-22,2025-01-29 00:00:00,849.98,USD,debit
337,7,2026-05-05,2026-05-31 00:00:00,783.55,ARS,refund
338,66,2025-08-18,2025-08-31 00:00:00,583.23,MXN,debit
339,13,2025-09-20,2025-10-19 00:00:00,810.36,USD,debit
340,67,2026-03-02,2026-03-21 00:00:00,274.0,BRL,refund
341,83,2025-05-15,2025-05-31 00:00:00,591.69,USD,debit
342,98,2024-10-18,2024-10-22 00:00:00,818.61,USD,debit
343,25,2024-08-15,2024-09-05 00:00:00,224.51,ARS,debit
344,9,2025-05-22,2025-05-29 00:00:00,176.92,ARS,debit
345,53,2025-04-03,2025-04-15 00:00:00,30.33,USD,refund
346,78,2024-09-24,2024-10-22 00:00:00,216.57,EUR,debit
347,52,2025-03-12,2025-03-13 00:00:00,378.17,BRL,debit
348,8,2024-11-11,2024-12-04 00:00:00,121.57,BRL,debit
349,18,2024-06-04,2024-06-26 00:00:00,655.64,USD,refund
350,20,2026-01-07,2026-01-21 00:00:00,556.46,EUR,refund
351,99,2025-08-06,2025-09-05 00:00:00,823.08,MXN,credit
352,19,2026-04-24,2026-05-22 00:00:00,453.59,EUR,debit
353,64,2025-09-02,2025-09-16 00:00:00,587.06,MXN,debit
354,46,2024-08-14,2024-08-23 00:00:00,825.44,USD,debit
355,29,2025-06-10,2025-06-10 00:00:00,846.41,USD,debit
356,12,2025-12-16,2026-01-02 00:00:00,528.69,ARS,debit
357,71,2024-06-09,2024-06-12 00:00:00,285.55,EUR,credit
358,9,2024-08-23,2024-09-02 00:00:00,154.3,BRL,debit
359,73,2026-05-10,2026-06-07 00:00:00,247.4,ARS,credit
360,15,2026-04-26,2026-05-01 00:00:00,56.4,EUR,debit
361,8,2025-08-31,2025-09-01 00:00:00,365.37,USD,debit
362,17,2024-10-30,2024-11-13 00:00:00,209.75,MXN,debit
363,4,2026-02-26,2026-03-27 00:00:00,616.28,BRL,debit
364,26,2026-01-18,2026-01-31 00:00:00,484.79,BRL,debit
365,45,2026-02-26,2026-03-26 00:00:00,110.7,BRL,debit
366,69,2025-05-10,2025-05-23 00:00:00,14.74,BRL,credit
367,97,2025-06-30,2025-07-24 00:00:00,194.61,ARS,debit
368,40,2025-05-03,2025-05-23 00:00:00,617.97,USD,debit
369,19,2025-03-04,2025-03-31 00:00:00,359.02,MXN,debit
370,50,2026-05-03,2026-05-13 00:00:00,95.47,USD,debit
371,1,2025-05-19,2025-06-13 00:00:00,426.84,BRL,debit
372,94,2025-07-16,2025-07-24 00:00:00,420.59,MXN,debit
373,45,2024-11-03,2024-11-18 00:00:00,817.13,USD,credit
374,69,2025-12-06,2025-12-30 00:00:00,142.89,USD,debit
375,96,2024-07-02,2024-07-23 00:00:00,111.65,USD,debit
376,51,2025-02-19,2025-03-03 00:00:00,838.9,EUR,credit
377,91,2025-04-27,2025-05-22 00:00:00,795.03,BRL,credit
378,20,2026-01-15,2026-02-14 00:00:00,238.27,USD,refund
379,57,2025-04-05,2025-04-21 00:00:00,725.19,USD,debit
380,80,2025-08-01,2025-08-03 00:00:00,404.94,ARS,debit
381,75,2026-03-28,2026-03-28 00:00:00,545.05,USD,debit
382,53,2026-02-06,2026-02-22 00:00:00,686.3,USD,refund
383,62,2025-07-24,2025-07-31 00:00:00,827.65,MXN,debit
384,35,2025-10-26,2025-11-18 00:00:00,264.92,USD,credit
385,95,2025-05-06,2025-05-10 00:00:00,467.79,USD,debit
386,44,2024-08-14,2024-09-02 00:00:00,370.74,USD,debit
387,21,2025-05-28,2025-06-02 00:00:00,221.98,ARS,debit
388,52,2024-07-22,2024-07-31 00:00:00,588.86,ARS,debit
389,99,2026-01-22,2026-02-10 00:00:00,90.41,BRL,credit
390,100,2025-11-09,2025-11-25 00:00:00,466.96,USD,debit
391,60,2025-09-15,2025-09-28 00:00:00,7.13,BRL,debit
392,40,2025-10-10,2025-11-04 00:00:00,290.07,EUR,debit
393,65,2024-12-30,2025-01-01 00:00:00,686.32,BRL,refund
394,67,2025-08-18,2025-09-04 00:00:00,500.75,USD,debit
395,52,2025-04-09,2025-04-09 00:00:00,224.42,ARS,debit
396,13,2026-02-14,2026-02-16 00:00:00,844.05,MXN,debit
397,48,2025-07-14,2025-07-22 00:00:00,170.68,BRL,debit
398,93,2025-11-19,2025-11-22 00:00:00,213.83,USD,credit
399,7,2025-07-14,2025-07-27 00:00:00,521.55,EUR,debit
400,31,2025-01-05,2025-01-28 00:00:00,125.22,BRL,refund
401,50,2026-04-04,2026-04-09 00:00:00,839.4,MXN,debit
402,90,2025-11-03,2025-11-20 00:00:00,93.75,USD,refund
403,80,2024-09-17,2024-09-19 00:00:00,775.99,USD,debit
404,36,2026-04-25,2026-05-04 00:00:00,797.91,MXN,credit
405,15,2025-09-24,2025-10-09 00:00:00,95.36,BRL,debit
406,76,2025-02-05,2025-02-18 00:00:00,648.83,EUR,debit
407,100,2026-02-10,2026-02-22 00:00:00,752.51,ARS,debit
408,98,2025-05-30,2025-06-23 00:00:00,582.76,EUR,debit
409,93,2024-12-25,2025-01-14 00:00:00,223.32,EUR,debit
410,82,2025-02-05,2025-03-04 00:00:00,699.15,USD,debit
411,2,2024-08-23,2024-09-22 00:00:00,106.81,MXN,credit
412,44,2025-10-12,2025-11-03 00:00:00,290.35,MXN,debit
413,3,2025-01-30,2025-02-15 00:00:00,784.62,EUR,credit
414,67,2026-05-25,2026-06-08 00:00:00,403.56,ARS,refund
415,98,2026-04-01,2026-04-04 00:00:00,609.22,USD,credit
416,14,2025-03-18,2025-04-03 00:00:00,28.23,BRL,debit
417,100,2024-09-05,2024-09-09 00:00:00,402.13,ARS,debit
418,26,2024-07-04,2024-07-22 00:00:00,508.38,ARS,credit
419,33,2025-01-21,2025-02-07 00:00:00,419.4,USD,debit
420,63,2025-06-16,2025-06-30 00:00:00,712.69,USD,credit
421,72,2026-02-09,2026-02-14 00:00:00,765.22,USD,debit
422,71,2026-05-13,2026-05-30 00:00:00,574.31,BRL,debit
423,46,2025-02-06,2025-02-07 00:00:00,737.73,EUR,debit
424,22,2024-07-31,2024-08-09 00:00:00,222.07,ARS,debit
425,99,2026-01-10,2026-02-09 00:00:00,185.23,USD,debit
426,21,2026-01-24,2026-02-18 00:00:00,335.14,USD,credit
427,78,2024-07-13,2024-07-24 00:00:00,650.09,EUR,credit
428,34,2025-04-16,2025-04-28 00:00:00,568.09,USD,credit
429,88,2024-06-28,2024-07-17 00:00:00,306.25,USD,debit
430,32,2024-10-14,2024-11-05 00:00:00,723.0,USD,debit
431,12,2025-07-03,2025-07-29 00:00:00,51.41,USD,credit
432,39,2025-12-31,2026-01-15 00:00:00,333.19,USD,debit
433,28,2025-11-07,2025-11-27 00:00:00,312.56,ARS,refund
434,99,2025-09-06,2025-09-15 00:00:00,759.41,MXN,debit
435,90,2024-06-16,2024-07-13 00:00:00,100.07,EUR,debit
436,74,2026-01-08,2026-01-17 00:00:00,248.83,ARS,refund
437,9,2025-10-15,2025-11-13 00:00:00,24.93,USD,debit
438,95,2025-03-19,2025-03-21 00:00:00,512.58,ARS,debit
439,41,2025-10-06,2025-10-17 00:00:00,44.59,USD,debit
440,49,2025-01-26,2025-02-20 00:00:00,613.14,ARS,refund
441,50,2024-06-12,2024-07-07 00:00:00,250.73,BRL,debit
442,30,2024-07-14,2024-08-10 00:00:00,738.24,EUR,debit
443,30,2025-07-15,2025-07-15 00:00:00,469.71,USD,debit
444,3,2026-01-27,2026-02-25 00:00:00,748.99,USD,credit
445,54,2025-09-05,2025-09-20 00:00:00,654.56,MXN,refund
446,75,2025-03-20,2025-03-30 00:00:00,727.92,USD,credit
447,32,2024-11-09,2024-12-03 00:00:00,289.73,BRL,debit
448,18,2024-11-15,2024-12-14 00:00:00,656.01,USD,credit
449,43,2026-02-17,2026-02-28 00:00:00,118.22,EUR,refund
450,64,2024-12-26,2025-01-03 00:00:00,88.2,USD,debit
451,49,2024-08-12,2024-09-06 00:00:00,43.54,BRL,refund
452,60,2025-12-15,2025-12-15 00:00:00,196.88,USD,debit
453,38,2025-08-02,2025-08-28 00:00:00,372.69,BRL,debit
454,99,2025-08-15,2025-08-29 00:00:00,362.31,USD,debit
455,5,2025-05-27,2025-05-27 00:00:00,59.64,USD,credit
456,27,2026-03-27,2026-03-30 00:00:00,703.74,USD,debit
457,50,2025-09-01,2025-09-18 00:00:00,642.72,USD,debit
458,62,2024-07-17,2024-07-20 00:00:00,615.65,MXN,credit
459,41,2025-07-18,2025-07-18 00:00:00,832.0,EUR,debit
460,57,2025-07-29,2025-08-07 00:00:00,699.03,ARS,refund
461,42,2024-06-05,2024-06-17 00:00:00,392.87,MXN,debit
462,21,2024-10-29,2024-11-22 00:00:00,150.98,USD,credit
463,88,2024-12-04,2025-01-01 00:00:00,345.39,MXN,credit
464,24,2024-11-06,2024-11-07 00:00:00,441.18,USD,credit
465,54,2025-03-16,2025-03-30 00:00:00,216.82,USD,credit
466,88,2025-10-29,2025-11-25 00:00:00,126.53,USD,debit
467,44,2025-10-27,2025-11-11 00:00:00,619.0,USD,credit
468,89,2026-01-07,2026-01-13 00:00:00,307.62,MXN,refund
469,56,2024-12-28,2024-12-29 00:00:00,711.33,EUR,credit
470,86,2024-06-17,2024-07-03 00:00:00,30.53,USD,refund
471,51,2024-09-30,2024-10-01 00:00:00,579.11,MXN,debit
472,100,2025-05-14,2025-05-14 00:00:00,661.92,USD,debit
473,4,2024-06-24,2024-07-13 00:00:00,448.48,ARS,debit
474,61,2025-11-05,2025-11-07 00:00:00,493.17,BRL,debit
475,77,2025-02-22,2025-03-18 00:00:00,367.56,USD,debit
476,41,2025-11-13,2025-11-23 00:00:00,581.13,BRL,credit
477,58,2026-03-30,2026-04-18 00:00:00,627.55,EUR,credit
478,64,2024-05-31,2024-06-05 00:00:00,291.46,USD,credit
479,10,2024-10-05,2024-10-12 00:00:00,600.27,USD,refund
480,34,2025-12-29,2026-01-04 00:00:00,719.09,USD,credit
481,96,2026-01-15,2026-01-20 00:00:00,389.85,MXN,debit
482,91,2025-11-29,2025-12-03 00:00:00,153.25,BRL,credit
483,14,2026-02-09,2026-02-23 00:00:00,648.53,ARS,debit
484,84,2025-01-12,2025-02-11 00:00:00,364.91,USD,credit
485,14,2025-03-21,2025-03-30 00:00:00,143.9,ARS,debit
486,79,2024-11-18,2024-11-26 00:00:00,319.3,USD,refund
487,52,2024-10-15,2024-10-26 00:00:00,472.67,USD,debit
488,14,2025-03-19,2025-03-25 00:00:00,812.27,USD,refund
489,23,2025-11-18,2025-12-11 00:00:00,30.0,MXN,credit
490,73,2024-11-12,2024-11-17 00:00:00,16.76,USD,credit
491,35,2025-01-06,2025-01-19 00:00:00,705.36,USD,refund
492,4,2026-03-16,2026-03-16 00:00:00,385.74,ARS,debit
493,11,2025-04-14,2025-05-12 00:00:00,785.65,USD,debit
494,44,2024-06-26,2024-07-05 00:00:00,14.11,USD,refund
495,26,2025-10-27,2025-11-10 00:00:00,161.11,ARS,debit
496,33,2025-08-15,2025-09-11 00:00:00,323.34,MXN,debit
497,57,2025-12-16,2025-12-30 00:00:00,480.91,ARS,credit
498,31,2024-11-06,2024-12-06 00:00:00,9.5,MXN,refund
499,5,2025-04-16,2025-04-24 00:00:00,644.02,USD,debit
500,21,2025-06-04,2025-06-30 00:00:00,525.34,EUR,refund
501,42,2026-02-06,2026-03-01 00:00:00,595.55,MXN,refund
502,29,2026-01-18,2026-02-11 00:00:00,395.4,MXN,credit
503,24,2024-11-21,2024-12-19 00:00:00,732.7,MXN,refund
504,16,2025-04-27,2025-04-28 00:00:00,192.77,BRL,debit
505,99,2024-10-29,2024-11-02 00:00:00,695.45,USD,credit
506,92,2025-03-25,2025-04-04 00:00:00,387.42,BRL,debit
507,59,2025-12-09,2025-12-20 00:00:00,472.26,USD,debit
508,76,2025-01-13,2025-02-02 00:00:00,228.73,BRL,refund
509,48,2026-05-05,2026-05-21 00:00:00,387.48,USD,refund
510,56,2025-07-24,2025-08-16 00:00:00,694.57,USD,credit
511,47,2025-04-01,2025-04-06 00:00:00,720.28,USD,debit
512,70,2026-05-18,2026-06-05 00:00:00,567.02,USD,debit
513,77,2026-04-11,2026-04-13 00:00:00,145.19,ARS,debit
514,100,2025-07-26,2025-08-14 00:00:00,750.39,MXN,debit
515,36,2025-09-05,2025-09-23 00:00:00,463.17,USD,debit
516,23,2025-12-19,2025-12-26 00:00:00,299.48,MXN,debit
517,23,2026-05-22,2026-06-02 00:00:00,814.01,MXN,debit
518,6,2025-12-22,2026-01-16 00:00:00,689.1,BRL,debit
519,45,2026-03-29,2026-04-05 00:00:00,100.93,BRL,debit
520,37,2025-06-26,2025-07-24 00:00:00,677.8,BRL,debit
521,29,2025-04-09,2025-04-26 00:00:00,495.86,ARS,refund
522,37,2024-06-16,2024-06-22 00:00:00,666.95,EUR,debit
523,25,2025-12-13,2025-12-25 00:00:00,253.89,MXN,debit
524,76,2025-03-18,2025-04-04 00:00:00,116.76,ARS,debit
525,45,2024-10-28,2024-11-17 00:00:00,635.89,EUR,debit
526,16,2026-01-19,2026-01-27 00:00:00,707.75,ARS,debit
527,12,2025-12-14,2025-12-28 00:00:00,748.35,USD,debit
528,97,2024-09-23,2024-10-12 00:00:00,336.93,ARS,refund
529,79,2026-01-11,2026-01-15 00:00:00,808.92,USD,debit
530,64,2025-04-12,2025-04-26 00:00:00,172.38,USD,debit
531,76,2025-05-13,2025-06-11 00:00:00,239.79,USD,debit
532,50,2025-11-23,2025-12-01 00:00:00,508.03,ARS,debit
533,73,2025-11-01,2025-11-20 00:00:00,766.93,USD,debit
534,76,2026-01-13,2026-01-15 00:00:00,157.79,USD,debit
535,13,2025-01-20,2025-02-01 00:00:00,319.66,BRL,debit
536,55,2025-08-21,2025-09-11 00:00:00,405.07,MXN,refund
537,81,2025-04-15,2025-05-13 00:00:00,217.83,USD,debit
538,90,2026-05-02,2026-05-05 00:00:00,757.35,USD,credit
539,99,2025-10-06,2025-10-24 00:00:00,27.35,EUR,debit
540,85,2024-11-29,2024-12-26 00:00:00,767.52,USD,debit
541,35,2026-03-27,2026-03-30 00:00:00,166.44,BRL,debit
542,46,2024-06-20,2024-07-01 00:00:00,199.58,USD,debit
543,41,2026-02-21,2026-03-17 00:00:00,233.92,BRL,debit
544,13,2024-10-10,2024-10-17 00:00:00,545.67,USD,debit
545,67,2025-03-02,2025-03-16 00:00:00,414.92,EUR,debit
546,34,2025-02-05,2025-02-16 00:00:00,516.62,MXN,debit
547,17,2025-12-22,2026-01-08 00:00:00,825.28,EUR,debit
548,91,2025-09-10,2025-09-20 00:00:00,535.9,BRL,refund
549,15,2024-10-01,2024-10-10 00:00:00,157.38,USD,refund
550,62,2025-01-09,2025-01-29 00:00:00,40.02,USD,credit
551,74,2025-11-06,2025-11-30 00:00:00,817.59,MXN,debit
552,76,2024-10-02,2024-10-13 00:00:00,838.32,USD,debit
553,46,2024-09-03,2024-09-13 00:00:00,801.63,MXN,credit
554,92,2024-11-19,2024-11-27 00:00:00,567.36,USD,debit
555,67,2025-06-21,2025-07-16 00:00:00,542.88,ARS,debit
556,95,2024-12-05,2024-12-28 00:00:00,453.19,ARS,refund
557,22,2025-07-04,2025-07-29 00:00:00,596.05,BRL,credit
558,18,2025-04-09,2025-05-02 00:00:00,671.31,USD,refund
559,35,2025-04-16,2025-05-04 00:00:00,412.51,BRL,debit
560,47,2025-07-20,2025-08-13 00:00:00,785.76,ARS,debit
561,95,2025-05-11,2025-05-23 00:00:00,72.73,EUR,debit
562,72,2025-12-17,2025-12-28 00:00:00,150.86,ARS,debit
563,97,2026-02-09,2026-03-04 00:00:00,455.62,USD,credit
564,22,2025-07-25,2025-08-07 00:00:00,382.9,EUR,debit
565,76,2025-09-13,2025-09-13 00:00:00,749.29,BRL,debit
566,22,2025-12-13,2025-12-15 00:00:00,212.6,USD,debit
567,73,2024-10-18,2024-11-12 00:00:00,152.88,USD,debit
568,78,2024-06-08,2024-06-13 00:00:00,558.58,USD,credit
569,6,2026-01-11,2026-01-19 00:00:00,351.37,USD,debit
570,7,2024-10-11,2024-10-16 00:00:00,310.3,MXN,debit
571,62,2025-08-10,2025-09-01 00:00:00,551.73,USD,debit
572,79,2026-03-13,2026-03-15 00:00:00,47.17,ARS,refund
573,29,2025-09-19,2025-10-06 00:00:00,318.27,MXN,refund
574,23,2026-01-11,2026-01-25 00:00:00,140.47,ARS,debit
575,12,2024-09-29,2024-09-29 00:00:00,192.75,ARS,debit
576,54,2026-05-07,2026-05-21 00:00:00,792.34,MXN,credit
577,85,2026-04-20,2026-05-02 00:00:00,275.71,USD,debit
578,88,2025-03-26,2025-04-10 00:00:00,707.16,USD,credit
579,17,2025-04-23,2025-05-09 00:00:00,242.77,BRL,debit
580,2,2026-05-13,2026-05-27 00:00:00,488.71,MXN,debit
581,26,2025-08-24,2025-09-19 00:00:00,362.99,USD,credit
582,85,2025-12-29,2026-01-01 00:00:00,729.49,BRL,debit
583,26,2025-04-03,2025-05-02 00:00:00,101.89,BRL,refund
584,34,2025-08-12,2025-08-21 00:00:00,607.11,USD,debit
585,26,2026-02-16,2026-03-16 00:00:00,333.78,USD,debit
586,15,2025-11-08,2025-11-23 00:00:00,393.5,USD,credit
587,67,2025-05-23,2025-06-20 00:00:00,407.73,USD,debit
588,55,2024-06-18,2024-07-07 00:00:00,181.12,USD,debit
589,24,2024-08-28,2024-09-05 00:00:00,828.6,ARS,credit
590,9,2025-01-29,2025-02-01 00:00:00,281.99,USD,refund
591,71,2025-03-03,2025-03-29 00:00:00,21.71,USD,credit
592,80,2024-09-05,2024-09-14 00:00:00,482.11,MXN,debit
593,6,2025-12-07,2025-12-21 00:00:00,247.54,MXN,debit
594,35,2025-08-28,2025-09-02 00:00:00,70.72,USD,debit
595,35,2025-06-09,2025-07-04 00:00:00,367.0,USD,debit
596,65,2025-04-25,2025-05-13 00:00:00,488.85,USD,debit
597,22,2025-05-26,2025-06-12 00:00:00,743.65,ARS,debit
598,96,2025-10-10,2025-10-14 00:00:00,324.83,ARS,credit
599,72,2024-10-24,2024-11-07 00:00:00,40.04,BRL,debit
600,26,2024-12-16,2024-12-24 00:00:00,371.62,BRL,debit
601,84,2026-05-16,2026-06-04 00:00:00,832.47,USD,debit
602,30,2025-01-01,2025-01-29 00:00:00,743.87,BRL,debit
603,62,2025-08-27,2025-09-19 00:00:00,152.35,USD,debit
604,31,2025-07-04,2025-07-04 00:00:00,664.29,EUR,debit
605,75,2025-10-15,2025-10-23 00:00:00,408.03,USD,credit
606,7,2025-07-20,2025-08-09 00:00:00,417.98,BRL,credit
607,95,2026-02-21,2026-03-09 00:00:00,253.09,USD,refund
608,34,2025-08-19,2025-08-31 00:00:00,184.38,USD,credit
609,11,2024-11-19,2024-12-09 00:00:00,640.81,ARS,debit
610,54,2025-09-08,2025-09-22 00:00:00,762.2,ARS,debit
611,87,2025-04-26,2025-05-13 00:00:00,642.99,USD,debit
612,48,2024-07-23,2024-07-25 00:00:00,255.91,BRL,refund
613,48,2024-12-15,2024-12-16 00:00:00,635.83,EUR,debit
614,20,2025-02-19,2025-02-24 00:00:00,406.69,BRL,refund
615,15,2026-05-17,2026-05-27 00:00:00,661.62,USD,debit
616,90,2025-02-17,2025-03-06 00:00:00,554.09,ARS,credit
617,3,2025-08-04,2025-08-17 00:00:00,829.97,USD,credit
618,5,2025-06-17,2025-07-09 00:00:00,765.01,MXN,debit
619,57,2025-08-28,2025-09-13 00:00:00,778.05,EUR,debit
620,28,2026-05-01,2026-05-15 00:00:00,339.92,BRL,debit
621,3,2025-04-09,2025-05-07 00:00:00,403.0,ARS,debit
622,71,2026-01-10,2026-01-23 00:00:00,159.67,MXN,credit
623,61,2024-10-17,2024-10-19 00:00:00,547.81,ARS,refund
624,3,2024-12-20,2025-01-05 00:00:00,387.04,BRL,credit
625,43,2025-10-17,2025-11-07 00:00:00,429.51,USD,refund
626,6,2025-04-27,2025-05-15 00:00:00,402.77,MXN,credit
627,27,2025-07-21,2025-08-12 00:00:00,579.38,MXN,refund
628,89,2024-09-03,2024-09-27 00:00:00,738.85,EUR,credit
629,52,2026-05-04,2026-05-29 00:00:00,631.9,USD,debit
630,3,2024-07-11,2024-07-15 00:00:00,543.1,EUR,debit
631,16,2024-06-16,2024-07-06 00:00:00,389.82,USD,refund
632,55,2024-06-11,2024-07-08 00:00:00,651.29,EUR,credit
633,88,2025-03-01,2025-03-07 00:00:00,30.13,USD,debit
634,8,2026-03-18,2026-04-05 00:00:00,344.88,MXN,debit
635,61,2025-11-13,2025-12-01 00:00:00,802.26,EUR,debit
636,99,2024-12-23,2025-01-13 00:00:00,714.21,USD,refund
637,69,2025-12-16,2025-12-20 00:00:00,419.5,EUR,credit
638,90,2025-07-02,2025-07-08 00:00:00,821.08,ARS,debit
639,60,2026-02-25,2026-03-14 00:00:00,391.62,USD,credit
640,40,2024-09-10,2024-09-28 00:00:00,226.74,USD,debit
641,21,2026-04-28,2026-05-16 00:00:00,179.28,BRL,refund
642,88,2024-07-17,2024-08-07 00:00:00,203.08,USD,debit
643,42,2025-07-23,2025-08-11 00:00:00,585.59,BRL,debit
644,15,2025-08-12,2025-08-31 00:00:00,308.18,EUR,credit
645,58,2026-05-01,2026-05-06 00:00:00,844.83,EUR,debit
646,79,2025-06-14,2025-06-20 00:00:00,697.5,USD,debit
647,48,2025-09-06,2025-09-11 00:00:00,846.82,EUR,debit
648,30,2024-10-31,2024-11-24 00:00:00,776.03,BRL,debit
649,85,2025-09-19,2025-09-23 00:00:00,690.91,BRL,debit
650,60,2024-11-23,2024-12-09 00:00:00,99.34,USD,debit
651,50,2024-08-17,2024-08-25 00:00:00,323.48,BRL,debit
652,87,2026-02-01,2026-02-17 00:00:00,295.46,BRL,refund
653,97,2026-04-05,2026-05-02 00:00:00,92.0,BRL,debit
654,99,2024-10-11,2024-10-15 00:00:00,783.25,BRL,refund
655,12,2025-06-26,2025-07-20 00:00:00,6.24,USD,debit
656,15,2025-01-26,2025-01-30 00:00:00,50.97,EUR,credit
657,81,2025-07-27,2025-08-02 00:00:00,40.94,USD,debit
658,66,2024-08-22,2024-09-11 00:00:00,460.81,EUR,debit
659,59,2025-12-16,2025-12-21 00:00:00,344.78,EUR,refund
660,54,2024-11-11,2024-12-05 00:00:00,151.91,ARS,debit
661,39,2024-12-05,2024-12-26 00:00:00,280.68,USD,debit
662,59,2025-12-29,2026-01-16 00:00:00,441.31,BRL,debit
663,73,2025-11-21,2025-12-11 00:00:00,547.14,USD,debit
664,12,2026-03-12,2026-03-25 00:00:00,359.01,USD,refund
665,88,2026-02-02,2026-03-01 00:00:00,612.75,USD,debit
666,22,2025-01-30,2025-01-30 00:00:00,348.19,MXN,refund
667,5,2024-12-01,2024-12-08 00:00:00,117.78,USD,refund
668,16,2025-02-15,2025-03-12 00:00:00,53.01,ARS,debit
669,54,2025-11-10,2025-11-18 00:00:00,573.28,USD,debit
670,28,2025-06-29,2025-07-19 00:00:00,683.59,USD,debit
671,83,2025-09-11,2025-10-02 00:00:00,287.24,EUR,credit
672,1,2026-03-06,2026-03-29 00:00:00,155.95,BRL,debit
673,85,2024-07-24,2024-08-14 00:00:00,125.5,MXN,debit
674,28,2025-04-06,2025-04-08 00:00:00,509.19,EUR,debit
675,29,2025-02-13,2025-02-18 00:00:00,312.78,USD,refund
676,35,2024-10-22,2024-11-17 00:00:00,386.39,ARS,debit
677,32,2024-09-11,2024-09-25 00:00:00,323.33,ARS,debit
678,17,2025-08-01,2025-08-05 00:00:00,209.73,USD,debit
679,6,2025-06-02,2025-06-26 00:00:00,304.86,BRL,credit
680,33,2024-12-31,2025-01-17 00:00:00,642.04,BRL,credit
681,48,2025-08-16,2025-09-12 00:00:00,579.32,MXN,credit
682,90,2025-08-23,2025-09-09 00:00:00,715.14,EUR,debit
683,16,2025-06-02,2025-06-16 00:00:00,743.77,EUR,credit
684,32,2024-12-14,2024-12-26 00:00:00,317.18,BRL,credit
685,20,2025-11-07,2025-11-20 00:00:00,816.82,MXN,debit
686,49,2025-04-11,2025-05-05 00:00:00,686.74,EUR,refund
687,68,2025-04-06,2025-04-10 00:00:00,244.73,USD,debit
688,75,2025-07-15,2025-08-14 00:00:00,484.07,USD,debit
689,18,2026-04-07,2026-04-26 00:00:00,808.86,MXN,refund
690,50,2025-11-21,2025-12-09 00:00:00,145.09,USD,refund
691,17,2026-05-17,2026-05-19 00:00:00,329.34,USD,credit
692,73,2024-10-08,2024-11-05 00:00:00,349.91,MXN,debit
693,49,2024-09-11,2024-10-02 00:00:00,837.55,EUR,debit
694,76,2024-09-18,2024-10-05 00:00:00,673.5,BRL,debit
695,28,2025-07-04,2025-07-19 00:00:00,640.01,BRL,credit
696,72,2024-12-17,2024-12-31 00:00:00,397.07,USD,refund
697,24,2025-05-12,2025-05-12 00:00:00,779.33,USD,debit
698,16,2025-09-18,2025-09-19 00:00:00,220.31,MXN,refund
699,33,2024-09-13,2024-09-23 00:00:00,692.07,USD,debit
700,78,2024-12-04,2024-12-23 00:00:00,635.4,ARS,debit
701,20,2026-01-19,2026-01-19 00:00:00,345.07,USD,debit
702,38,2025-07-28,2025-08-19 00:00:00,46.97,BRL,credit
703,52,2025-12-29,2026-01-21 00:00:00,714.86,BRL,debit
704,40,2024-07-30,2024-07-31 00:00:00,563.83,ARS,debit
705,94,2024-10-28,2024-10-31 00:00:00,64.76,USD,debit
706,27,2024-12-16,2024-12-26 00:00:00,690.74,USD,debit
707,82,2024-11-18,2024-12-06 00:00:00,402.22,USD,refund
708,70,2025-03-09,2025-03-30 00:00:00,549.54,ARS,credit
709,39,2025-12-16,2026-01-15 00:00:00,632.23,BRL,debit
710,38,2026-05-17,2026-06-06 00:00:00,283.43,BRL,debit
711,8,2024-12-13,2025-01-08 00:00:00,159.34,USD,debit
712,4,2024-10-22,2024-11-04 00:00:00,792.95,USD,refund
713,14,2024-08-29,2024-09-26 00:00:00,802.07,EUR,refund
714,52,2026-01-20,2026-02-19 00:00:00,778.49,EUR,refund
715,5,2024-08-02,2024-08-14 00:00:00,839.64,USD,refund
716,17,2026-05-24,2026-06-04 00:00:00,76.97,BRL,debit
717,81,2026-05-26,2026-06-08 00:00:00,384.04,USD,debit
718,68,2025-03-14,2025-03-18 00:00:00,488.23,USD,debit
719,1,2025-07-15,2025-07-30 00:00:00,214.48,USD,debit
720,16,2024-05-31,2024-06-30 00:00:00,143.04,MXN,debit
721,85,2025-11-11,2025-11-21 00:00:00,412.43,EUR,credit
722,13,2026-05-15,2026-05-30 00:00:00,48.8,USD,debit
723,83,2025-12-06,2025-12-07 00:00:00,66.92,USD,debit
724,54,2026-03-01,2026-03-22 00:00:00,645.15,ARS,debit
725,6,2025-12-29,2026-01-17 00:00:00,592.28,ARS,refund
726,77,2026-03-17,2026-04-01 00:00:00,504.21,EUR,debit
727,27,2025-02-12,2025-03-07 00:00:00,39.07,USD,debit
728,38,2025-07-15,2025-07-24 00:00:00,237.43,USD,refund
729,78,2026-05-28,2026-06-10 00:00:00,663.87,USD,debit
730,57,2024-11-27,2024-12-21 00:00:00,356.51,MXN,debit
731,41,2026-03-22,2026-04-13 00:00:00,784.94,USD,credit
732,53,2025-07-03,2025-07-22 00:00:00,69.4,ARS,debit
733,61,2024-08-22,2024-09-08 00:00:00,33.83,BRL,debit
734,12,2025-01-19,2025-01-24 00:00:00,592.34,BRL,refund
735,76,2025-06-07,2025-06-19 00:00:00,71.3,USD,debit
736,33,2026-04-21,2026-05-08 00:00:00,516.24,USD,debit
737,66,2026-05-27,2026-06-19 00:00:00,295.94,EUR,debit
738,94,2026-02-20,2026-03-06 00:00:00,276.21,ARS,debit
739,35,2024-09-01,2024-09-08 00:00:00,336.58,USD,refund
740,86,2026-01-29,2026-02-18 00:00:00,783.94,USD,credit
741,61,2026-05-26,2026-06-13 00:00:00,47.74,USD,debit
742,2,2025-07-14,2025-07-17 00:00:00,274.5,USD,refund
743,36,2026-05-10,2026-05-29 00:00:00,845.32,MXN,refund
744,20,2025-11-27,2025-11-27 00:00:00,73.81,EUR,debit
745,76,2025-05-02,2025-05-26 00:00:00,337.64,MXN,debit
746,31,2024-12-18,2025-01-04 00:00:00,319.13,ARS,refund
747,52,2024-06-27,2024-07-19 00:00:00,806.5,BRL,debit
748,85,2025-02-27,2025-03-03 00:00:00,456.38,USD,credit
749,42,2025-12-18,2025-12-20 00:00:00,518.83,USD,credit
750,37,2024-06-19,2024-06-25 00:00:00,374.54,EUR,debit
751,93,2025-09-28,2025-10-02 00:00:00,294.45,USD,debit
752,8,2025-11-15,2025-11-24 00:00:00,516.14,USD,debit
753,3,2024-12-29,2025-01-22 00:00:00,772.16,USD,credit
754,63,2026-04-15,2026-05-02 00:00:00,432.22,EUR,credit
755,6,2024-09-25,2024-10-17 00:00:00,147.12,BRL,debit
756,77,2024-06-11,2024-07-07 00:00:00,524.79,EUR,debit
757,29,2026-03-09,2026-04-05 00:00:00,82.63,BRL,debit
758,50,2025-05-06,2025-05-23 00:00:00,89.72,USD,debit
759,71,2025-06-16,2025-06-21 00:00:00,478.94,USD,credit
760,31,2025-11-19,2025-12-08 00:00:00,561.13,USD,credit
761,5,2025-07-30,2025-08-20 00:00:00,845.09,ARS,debit
762,19,2026-05-10,2026-06-07 00:00:00,269.94,EUR,credit
763,87,2026-05-21,2026-06-01 00:00:00,407.26,USD,debit
764,38,2025-01-22,2025-01-23 00:00:00,618.82,ARS,refund
765,87,2024-07-02,2024-07-30 00:00:00,657.83,BRL,debit
766,11,2025-02-28,2025-03-12 00:00:00,639.35,USD,debit
767,80,2024-10-19,2024-11-06 00:00:00,291.42,MXN,debit
768,54,2025-01-16,2025-01-20 00:00:00,684.3,USD,credit
769,24,2025-09-16,2025-10-04 00:00:00,281.08,ARS,credit
770,1,2025-05-21,2025-05-25 00:00:00,201.12,USD,credit
771,10,2024-11-27,2024-12-08 00:00:00,259.52,MXN,credit
772,72,2025-02-23,2025-03-11 00:00:00,10.02,USD,credit
773,7,2025-06-24,2025-07-06 00:00:00,789.27,USD,debit
774,6,2025-04-18,2025-05-14 00:00:00,339.46,USD,debit
775,48,2026-04-13,2026-05-11 00:00:00,114.23,EUR,debit
776,83,2024-08-18,2024-08-18 00:00:00,367.45,ARS,refund
777,70,2024-10-04,2024-10-10 00:00:00,106.98,ARS,refund
778,6,2024-09-29,2024-09-30 00:00:00,104.93,MXN,debit
779,82,2026-04-29,2026-04-29 00:00:00,125.97,MXN,refund
780,34,2025-06-15,2025-07-09 00:00:00,138.58,MXN,credit
781,97,2025-05-14,2025-06-02 00:00:00,485.32,BRL,debit
782,30,2026-02-03,2026-02-08 00:00:00,490.43,ARS,credit
783,6,2026-04-08,2026-04-21 00:00:00,531.67,EUR,debit
784,18,2025-02-08,2025-03-10 00:00:00,299.75,ARS,credit
785,38,2024-07-20,2024-07-28 00:00:00,276.82,ARS,refund
786,18,2026-04-14,2026-05-01 00:00:00,274.57,BRL,refund
787,37,2024-06-17,2024-06-24 00:00:00,246.09,USD,refund
788,12,2026-01-21,2026-02-07 00:00:00,476.04,BRL,debit
789,92,2024-11-13,2024-12-03 00:00:00,507.98,USD,debit
790,68,2025-10-24,2025-11-20 00:00:00,244.47,ARS,debit
791,98,2025-06-24,2025-06-29 00:00:00,341.43,USD,debit
792,77,2024-06-25,2024-07-10 00:00:00,318.49,USD,refund
793,64,2026-04-05,2026-04-17 00:00:00,271.09,USD,debit
794,31,2025-04-05,2025-05-01 00:00:00,91.65,USD,debit
795,40,2024-11-20,2024-11-20 00:00:00,362.48,USD,debit
796,58,2024-08-11,2024-09-08 00:00:00,135.35,USD,credit
797,3,2026-01-14,2026-01-16 00:00:00,171.25,ARS,debit
798,65,2025-05-20,2025-06-19 00:00:00,27.96,USD,debit
799,88,2026-05-24,2026-06-14 00:00:00,62.33,MXN,debit
800,55,2025-01-05,2025-01-18 00:00:00,688.57,USD,debit
801,45,2024-12-05,2024-12-16 00:00:00,376.83,USD,debit
802,23,2025-09-09,2025-09-16 00:00:00,260.38,MXN,refund
803,42,2025-07-18,2025-07-19 00:00:00,378.78,USD,credit
804,34,2025-05-19,2025-06-13 00:00:00,185.66,BRL,debit
805,89,2025-02-04,2025-02-27 00:00:00,498.08,USD,credit
806,16,2024-10-19,2024-11-12 00:00:00,793.87,USD,refund
807,82,2024-10-16,2024-11-15 00:00:00,454.13,USD,debit
808,92,2025-04-09,2025-04-19 00:00:00,495.72,USD,credit
809,16,2024-11-07,2024-11-29 00:00:00,203.62,USD,refund
810,64,2025-08-31,2025-09-14 00:00:00,534.99,EUR,credit
811,71,2026-05-21,2026-05-22 00:00:00,321.25,USD,debit
812,32,2024-06-17,2024-07-12 00:00:00,409.14,USD,debit
813,70,2025-08-30,2025-09-24 00:00:00,211.48,USD,debit
814,73,2025-11-19,2025-11-30 00:00:00,143.53,EUR,credit
815,63,2025-09-23,2025-10-19 00:00:00,188.38,ARS,debit
816,89,2024-06-04,2024-06-10 00:00:00,515.13,USD,debit
817,27,2024-10-26,2024-11-04 00:00:00,848.56,USD,debit
818,6,2025-11-19,2025-11-29 00:00:00,738.95,MXN,debit
819,98,2025-12-12,2026-01-09 00:00:00,694.08,ARS,credit
820,49,2024-09-03,2024-09-08 00:00:00,731.25,BRL,debit
821,22,2025-03-05,2025-03-24 00:00:00,405.02,MXN,debit
822,29,2024-11-27,2024-12-01 00:00:00,738.01,BRL,debit
823,18,2025-09-26,2025-10-14 00:00:00,584.68,USD,debit
824,33,2024-06-22,2024-07-05 00:00:00,842.88,USD,refund
825,25,2025-10-07,2025-10-23 00:00:00,648.17,MXN,debit
826,38,2026-01-07,2026-01-22 00:00:00,184.49,USD,debit
827,78,2024-09-30,2024-09-30 00:00:00,448.85,EUR,credit
828,43,2025-07-04,2025-07-30 00:00:00,733.4,USD,debit
829,89,2025-06-12,2025-06-13 00:00:00,112.18,USD,credit
830,42,2025-03-08,2025-03-27 00:00:00,485.29,EUR,debit
831,26,2024-11-10,2024-11-10 00:00:00,815.69,USD,debit
832,92,2025-04-21,2025-04-27 00:00:00,671.37,MXN,debit
833,24,2025-03-12,2025-04-05 00:00:00,844.0,BRL,debit
834,17,2025-01-09,2025-01-15 00:00:00,384.74,USD,debit
835,10,2025-03-30,2025-04-21 00:00:00,754.26,EUR,debit
836,51,2025-04-12,2025-04-27 00:00:00,789.65,BRL,debit
837,57,2026-05-25,2026-05-26 00:00:00,180.2,USD,debit
838,49,2026-04-23,2026-04-28 00:00:00,288.12,USD,refund
839,65,2025-07-21,2025-07-23 00:00:00,119.3,USD,debit
840,82,2025-01-29,2025-02-21 00:00:00,673.47,USD,debit
841,17,2025-01-06,2025-01-26 00:00:00,233.36,BRL,credit
842,61,2025-05-18,2025-06-01 00:00:00,432.86,USD,credit
843,18,2025-05-13,2025-06-08 00:00:00,485.95,USD,credit
844,21,2026-05-14,2026-06-05 00:00:00,717.14,MXN,credit
845,25,2024-12-24,2025-01-13 00:00:00,564.69,USD,credit
846,34,2025-04-02,2025-04-20 00:00:00,620.94,USD,credit
847,35,2025-07-10,2025-07-28 00:00:00,507.79,BRL,debit
848,14,2024-12-09,2024-12-31 00:00:00,786.89,EUR,refund
849,87,2025-01-17,2025-02-03 00:00:00,637.53,ARS,debit
850,77,2026-03-10,2026-03-26 00:00:00,222.75,BRL,credit
851,5,2024-10-02,2024-10-28 00:00:00,630.38,USD,debit
852,2,2025-08-13,2025-09-03 00:00:00,509.65,ARS,debit
853,19,2025-03-28,2025-04-06 00:00:00,659.94,USD,debit
854,17,2026-01-14,2026-01-22 00:00:00,634.78,EUR,credit
855,13,2026-01-15,2026-02-01 00:00:00,90.21,BRL,refund
856,91,2024-11-28,2024-12-19 00:00:00,685.72,USD,debit
857,43,2024-09-05,2024-09-12 00:00:00,248.63,USD,debit
858,3,2026-05-24,2026-06-14 00:00:00,596.33,MXN,credit
859,56,2024-06-12,2024-06-16 00:00:00,839.62,MXN,debit
860,76,2024-12-01,2024-12-31 00:00:00,599.2,USD,credit
861,39,2025-12-03,2025-12-08 00:00:00,703.57,BRL,debit
862,51,2025-02-10,2025-02-25 00:00:00,635.81,BRL,debit
863,66,2024-12-31,2025-01-06 00:00:00,449.77,MXN,credit
864,68,2024-08-08,2024-08-09 00:00:00,466.4,USD,debit
865,85,2024-11-15,2024-11-17 00:00:00,826.79,USD,credit
866,67,2026-04-08,2026-05-01 00:00:00,329.83,USD,debit
867,90,2025-09-09,2025-09-21 00:00:00,491.33,USD,debit
868,60,2024-10-17,2024-11-16 00:00:00,511.54,ARS,debit
869,51,2026-05-03,2026-05-19 00:00:00,641.32,USD,credit
870,88,2025-02-28,2025-03-24 00:00:00,531.88,EUR,credit
871,25,2024-07-03,2024-07-30 00:00:00,462.63,USD,refund
872,57,2025-12-22,2025-12-25 00:00:00,175.12,ARS,debit
873,70,2026-03-29,2026-04-11 00:00:00,489.97,MXN,debit
874,50,2025-04-13,2025-04-26 00:00:00,116.89,USD,debit
875,46,2025-07-06,2025-07-22 00:00:00,623.92,BRL,credit
876,36,2025-06-24,2025-07-24 00:00:00,426.88,EUR,credit
877,42,2025-06-27,2025-07-25 00:00:00,640.11,USD,credit
878,46,2026-02-15,2026-02-23 00:00:00,842.56,MXN,credit
879,56,2025-08-20,2025-09-01 00:00:00,9.83,USD,refund
880,58,2025-06-17,2025-06-30 00:00:00,445.26,ARS,refund
881,17,2025-08-03,2025-08-05 00:00:00,582.38,USD,credit
882,49,2025-06-01,2025-06-05 00:00:00,220.77,USD,debit
883,33,2025-07-23,2025-08-08 00:00:00,224.71,ARS,refund
884,79,2025-01-30,2025-02-03 00:00:00,793.35,USD,debit
885,26,2024-12-03,2024-12-16 00:00:00,348.52,EUR,debit
886,66,2025-10-02,2025-10-17 00:00:00,711.84,ARS,debit
887,94,2026-03-24,2026-04-06 00:00:00,387.48,MXN,debit
888,6,2024-08-29,2024-09-02 00:00:00,257.06,USD,debit
889,66,2024-08-08,2024-08-09 00:00:00,352.47,MXN,debit
890,94,2026-04-09,2026-04-26 00:00:00,461.77,BRL,debit
891,4,2024-09-12,2024-10-05 00:00:00,661.45,USD,debit
892,28,2025-08-26,2025-09-13 00:00:00,569.44,USD,credit
893,82,2026-03-22,2026-04-10 00:00:00,701.0,USD,credit
894,74,2025-01-15,2025-01-25 00:00:00,119.02,USD,debit
895,72,2025-08-26,2025-09-07 00:00:00,97.54,USD,refund
896,35,2024-12-05,2025-01-03 00:00:00,16.14,USD,debit
897,60,2025-10-31,2025-11-12 00:00:00,304.08,ARS,credit
898,39,2024-12-23,2025-01-10 00:00:00,827.76,USD,debit
899,64,2024-08-11,2024-08-29 00:00:00,545.09,MXN,debit
900,87,2026-05-09,2026-06-04 00:00:00,755.59,EUR,refund
901,6,2026-01-05,2026-01-05 00:00:00,560.89,USD,debit
902,92,2024-09-04,2024-09-24 00:00:00,217.07,MXN,debit
903,30,2026-02-25,2026-03-16 00:00:00,303.94,EUR,debit
904,43,2024-12-11,2025-01-07 00:00:00,241.91,ARS,debit
905,60,2025-11-14,2025-11-15 00:00:00,718.5,MXN,debit
906,13,2024-10-28,2024-11-11 00:00:00,633.77,BRL,credit
907,37,2024-11-29,2024-12-18 00:00:00,374.08,USD,debit
908,15,2024-07-25,2024-08-22 00:00:00,265.9,EUR,credit
909,95,2025-08-28,2025-09-13 00:00:00,844.45,BRL,debit
910,26,2026-05-25,2026-06-17 00:00:00,428.23,ARS,debit
911,78,2025-07-05,2025-08-01 00:00:00,669.77,EUR,credit
912,90,2024-12-18,2024-12-21 00:00:00,686.05,USD,refund
913,54,2025-12-17,2025-12-24 00:00:00,211.77,ARS,debit
914,55,2026-04-27,2026-05-20 00:00:00,627.62,USD,refund
915,49,2024-08-29,2024-09-12 00:00:00,644.45,MXN,credit
916,62,2025-08-02,2025-08-05 00:00:00,789.24,MXN,credit
917,25,2024-06-11,2024-06-16 00:00:00,7.1,USD,refund
918,28,2024-07-25,2024-07-27 00:00:00,821.78,BRL,debit
919,12,2024-12-02,2024-12-26 00:00:00,785.21,ARS,debit
920,60,2024-11-21,2024-12-15 00:00:00,428.05,USD,debit
921,49,2025-05-23,2025-06-01 00:00:00,699.34,EUR,credit
922,80,2024-11-13,2024-12-12 00:00:00,506.69,USD,credit
923,20,2025-09-29,2025-10-03 00:00:00,117.82,BRL,debit
924,84,2025-01-28,2025-02-13 00:00:00,105.59,EUR,refund
925,4,2025-12-24,2026-01-08 00:00:00,751.9,MXN,refund
926,8,2026-04-22,2026-05-16 00:00:00,603.62,ARS,credit
927,41,2025-08-22,2025-09-08 00:00:00,742.62,BRL,credit
928,8,2024-07-10,2024-08-04 00:00:00,755.84,USD,credit
929,58,2024-10-11,2024-10-13 00:00:00,277.9,USD,credit
930,54,2025-01-05,2025-01-23 00:00:00,270.3,MXN,refund
931,10,2024-11-17,2024-11-18 00:00:00,461.96,BRL,credit
932,96,2025-10-25,2025-11-05 00:00:00,396.04,USD,refund
933,9,2025-07-04,2025-07-21 00:00:00,422.53,USD,refund
934,39,2025-05-15,2025-06-08 00:00:00,435.89,EUR,credit
935,22,2025-04-09,2025-04-25 00:00:00,703.62,MXN,debit
936,71,2024-12-20,2025-01-05 00:00:00,379.58,MXN,debit
937,20,2026-05-11,2026-05-13 00:00:00,584.03,USD,debit
938,31,2024-09-28,2024-10-03 00:00:00,342.28,USD,debit
939,81,2024-07-14,2024-08-10 00:00:00,514.22,BRL,debit
940,95,2026-02-27,2026-03-16 00:00:00,467.37,ARS,debit
941,20,2024-10-25,2024-11-10 00:00:00,551.75,EUR,credit
942,84,2026-02-17,2026-03-15 00:00:00,436.58,MXN,debit
943,84,2025-01-13,2025-01-25 00:00:00,10.95,USD,refund
944,5,2026-01-27,2026-01-31 00:00:00,44.78,EUR,debit
945,62,2025-12-29,2026-01-10 00:00:00,503.11,MXN,refund
946,78,2025-10-04,2025-10-20 00:00:00,194.2,BRL,credit
947,85,2025-07-21,2025-08-19 00:00:00,518.31,USD,debit
948,32,2024-05-28,2024-06-12 00:00:00,272.17,USD,debit
949,59,2024-12-21,2025-01-06 00:00:00,523.98,ARS,debit
950,25,2025-06-16,2025-06-16 00:00:00,304.39,USD,credit
951,57,2025-09-29,2025-10-04 00:00:00,630.08,ARS,debit
952,13,2025-07-02,2025-07-03 00:00:00,283.23,BRL,debit
953,57,2024-07-05,2024-07-09 00:00:00,769.78,USD,debit
954,68,2025-01-24,2025-02-21 00:00:00,527.1,BRL,debit
955,67,2025-08-21,2025-08-29 00:00:00,605.72,USD,debit
956,40,2025-05-17,2025-05-23 00:00:00,834.67,EUR,debit
957,10,2025-07-14,2025-08-13 00:00:00,58.99,USD,debit
958,84,2024-06-09,2024-07-08 00:00:00,91.53,MXN,debit
959,83,2025-07-02,2025-07-14 00:00:00,723.95,MXN,refund
960,57,2026-02-01,2026-02-13 00:00:00,279.03,ARS,refund
961,78,2026-03-13,2026-04-02 00:00:00,633.39,EUR,credit
962,58,2024-09-03,2024-09-30 00:00:00,382.22,USD,debit
963,30,2024-08-12,2024-09-05 00:00:00,827.63,ARS,debit
964,46,2025-03-18,2025-03-31 00:00:00,437.96,USD,credit
965,74,2025-08-01,2025-08-08 00:00:00,25.91,ARS,credit
966,93,2025-03-17,2025-03-17 00:00:00,810.94,ARS,debit
967,56,2025-10-17,2025-10-27 00:00:00,797.3,EUR,credit
968,28,2025-01-03,2025-01-30 00:00:00,432.6,MXN,debit
969,46,2024-10-09,2024-10-23 00:00:00,803.44,USD,debit
970,77,2024-06-07,2024-06-21 00:00:00,570.61,BRL,debit
971,14,2024-12-23,2025-01-16 00:00:00,337.51,EUR,debit
972,91,2026-04-20,2026-04-22 00:00:00,120.52,ARS,debit
973,72,2025-05-16,2025-05-25 00:00:00,783.89,BRL,debit
974,30,2025-10-08,2025-10-20 00:00:00,152.92,USD,debit
975,9,2024-11-11,2024-11-19 00:00:00,298.18,BRL,refund
976,32,2024-10-08,2024-10-08 00:00:00,370.77,USD,credit
977,27,2025-07-25,2025-08-21 00:00:00,251.43,USD,credit
978,91,2025-09-10,2025-09-13 00:00:00,333.52,BRL,debit
979,96,2024-08-19,2024-08-28 00:00:00,488.6,EUR,debit
980,81,2025-01-15,2025-01-18 00:00:00,231.24,EUR,credit
981,9,2025-03-02,2025-04-01 00:00:00,7.48,USD,debit
982,22,2026-03-11,2026-03-23 00:00:00,439.01,USD,refund
983,71,2026-03-16,2026-04-13 00:00:00,550.47,USD,debit
984,30,2025-07-25,2025-08-09 00:00:00,712.92,BRL,credit
985,90,2026-03-30,2026-04-25 00:00:00,600.92,USD,refund
986,27,2024-06-17,2024-06-26 00:00:00,416.39,USD,debit
987,95,2026-01-17,2026-02-13 00:00:00,504.81,BRL,debit
988,69,2025-04-09,2025-04-16 00:00:00,248.88,BRL,debit
989,99,2026-04-29,2026-05-29 00:00:00,691.06,USD,debit
990,96,2026-04-28,2026-05-16 00:00:00,490.99,BRL,credit
991,91,2025-11-18,2025-12-01 00:00:00,103.51,MXN,credit
992,58,2025-02-12,2025-02-24 00:00:00,109.03,BRL,credit
993,53,2025-03-09,2025-03-13 00:00:00,809.9,USD,debit
994,96,2025-04-20,2025-04-25 00:00:00,778.4,USD,debit
995,18,2026-01-17,2026-01-24 00:00:00,117.93,BRL,debit
996,79,2024-10-03,2024-10-31 00:00:00,464.86,USD,debit
997,93,2025-03-06,2025-03-13 00:00:00,826.3,EUR,credit
998,63,2025-05-27,2025-05-30 00:00:00,526.53,USD,credit
999,58,2024-09-06,2024-09-26 00:00:00,65.98,MXN,debit
1000,36,2025-04-10,2025-04-10 00:00:00,106.65,USD,refund
